{
    "0x000": {
        "uint32": 1082130432,
        "float": 4.0,
        "hex": "40 80 00 00"
    },
    "0x004": {
        "uint32": 1065353216,
        "float": 1.0,
        "hex": "3F 80 00 00"
    },
    "0x008": {
        "uint32": 1082130432,
        "float": 4.0,
        "hex": "40 80 00 00"
    },
    "0x00C": {
        "uint32": 1065353216,
        "float": 1.0,
        "hex": "3F 80 00 00"
    },
    "0x010": {
        "uint32": 0,
        "float": 0.0,
        "hex": "00 00 00 00"
    },
    "0x014": {
        "uint32": 1088421888,
        "float": 7.0,
        "hex": "40 E0 00 00"
    },
    "0x018": {
        "uint32": 0,
        "float": 0.0,
        "hex": "00 00 00 00"
    },
    "0x01C": {
        "uint32": 54,
        "float": 7.567011707354012e-44,
        "hex": "00 00 00 36"
    },
    "0x020": {
        "uint32": 74,
        "float": 1.0369608636003646e-43,
        "hex": "00 00 00 4A"
    },
    "0x024": {
        "uint32": 1097859072,
        "float": 15.0,
        "hex": "41 70 00 00"
    },
    "0x028": {
        "uint32": 1069547520,
        "float": 1.5,
        "hex": "3F C0 00 00"
    },
    "0x02C": {
        "uint32": 1028443341,
        "float": 0.05000000074505806,
        "hex": "3D 4C CC CD"
    },
    "0x030": {
        "uint32": 1015580809,
        "float": 0.01666666753590107,
        "hex": "3C 88 88 89"
    },
    "0x034": {
        "uint32": 1082130432,
        "float": 4.0,
        "hex": "40 80 00 00"
    },
    "0x038": {
        "uint32": 1036831949,
        "float": 0.10000000149011612,
        "hex": "3D CC CC CD"
    },
    "0x03C": {
        "uint32": 1073741824,
        "float": 2.0,
        "hex": "40 00 00 00"
    },
    "0x040": {
        "uint32": 1032805417,
        "float": 0.07000000029802322,
        "hex": "3D 8F 5C 29"
    },
    "0x044": {
        "uint32": 1084227584,
        "float": 5.0,
        "hex": "40 A0 00 00"
    },
    "0x048": {
        "uint32": 1034147594,
        "float": 0.07999999821186066,
        "hex": "3D A3 D7 0A"
    },
    "0x04C": {
        "uint32": 1053609165,
        "float": 0.4000000059604645,
        "hex": "3E CC CC CD"
    },
    "0x050": {
        "uint32": 1101004800,
        "float": 20.0,
        "hex": "41 A0 00 00"
    },
    "0x054": {
        "uint32": 1097859072,
        "float": 15.0,
        "hex": "41 70 00 00"
    },
    "0x058": {
        "uint32": 1067450368,
        "float": 1.25,
        "hex": "3F A0 00 00"
    },
    "0x05C": {
        "uint32": 1017370378,
        "float": 0.019999999552965164,
        "hex": "3C A3 D7 0A"
    },
    "0x060": {
        "uint32": 1014350479,
        "float": 0.014999999664723873,
        "hex": "3C 75 C2 8F"
    },
    "0x064": {
        "uint32": 1056964608,
        "float": 0.5,
        "hex": "3F 00 00 00"
    },
    "0x068": {
        "uint32": 1106247680,
        "float": 30.0,
        "hex": "41 F0 00 00"
    },
    "0x06C": {
        "uint32": 15,
        "float": 2.1019476964872256e-44,
        "hex": "00 00 00 0F"
    },
    "0x070": {
        "uint32": 1086324736,
        "float": 6.0,
        "hex": "40 C0 00 00"
    },
    "0x074": {
        "uint32": 1081291571,
        "float": 3.799999952316284,
        "hex": "40 73 33 33"
    },
    "0x078": {
        "uint32": 1036831949,
        "float": 0.10000000149011612,
        "hex": "3D CC CC CD"
    },
    "0x07C": {
        "uint32": 1069547520,
        "float": 1.5,
        "hex": "3F C0 00 00"
    },
    "0x080": {
        "uint32": 1101004800,
        "float": 20.0,
        "hex": "41 A0 00 00"
    },
    "0x084": {
        "uint32": 1061997773,
        "float": 0.800000011920929,
        "hex": "3F 4C CC CD"
    },
    "0x088": {
        "uint32": 1040187392,
        "float": 0.125,
        "hex": "3E 00 00 00"
    },
    "0x08C": {
        "uint32": 1053609165,
        "float": 0.4000000059604645,
        "hex": "3E CC CC CD"
    },
    "0x090": {
        "uint32": 1099956224,
        "float": 18.0,
        "hex": "41 90 00 00"
    },
    "0x094": {
        "uint32": 1101004800,
        "float": 20.0,
        "hex": "41 A0 00 00"
    },
    "0x098": {
        "uint32": 1099956224,
        "float": 18.0,
        "hex": "41 90 00 00"
    },
    "0x09C": {
        "uint32": 1082130432,
        "float": 4.0,
        "hex": "40 80 00 00"
    },
    "0x0A0": {
        "uint32": 1073741824,
        "float": 2.0,
        "hex": "40 00 00 00"
    },
    "0x0A4": {
        "uint32": 4,
        "float": 5.605193857299268e-45,
        "hex": "00 00 00 04"
    },
    "0x0A8": {
        "uint32": 1073741824,
        "float": 2.0,
        "hex": "40 00 00 00"
    },
    "0x0AC": {
        "uint32": 1020949518,
        "float": 0.02666666731238365,
        "hex": "3C DA 74 0E"
    },
    "0x0B0": {
        "uint32": 1,
        "float": 1.401298464324817e-45,
        "hex": "00 00 00 01"
    },
    "0x0B4": {
        "uint32": 50,
        "float": 7.006492321624085e-44,
        "hex": "00 00 00 32"
    },
    "0x0B8": {
        "uint32": 0,
        "float": 0.0,
        "hex": "00 00 00 00"
    },
    "0x0BC": {
        "uint32": 1087373312,
        "float": 6.5,
        "hex": "40 D0 00 00"
    },
    "0x0C0": {
        "uint32": 0,
        "float": 0.0,
        "hex": "00 00 00 00"
    },
    "0x0C4": {
        "uint32": 1091043328,
        "float": 8.5,
        "hex": "41 08 00 00"
    },
    "0x0C8": {
        "uint32": 1069547520,
        "float": 1.5,
        "hex": "3F C0 00 00"
    },
    "0x0CC": {
        "uint32": 1065353216,
        "float": 1.0,
        "hex": "3F 80 00 00"
    },
    "0x0D0": {
        "uint32": 0,
        "float": 0.0,
        "hex": "00 00 00 00"
    }
}