{
    "TrimmedSize": 388,
    "InitialWalkSpeed": 0.20000000298023224,
    "WalkAcceleration": 0.10000000149011612,
    "MaxWalkSpeed": 1.600000023841858,
    "WalkAnimationSpeed": 0.23000000417232513,
    "Unknown0x10": 0.5699999928474426,
    "WalkAnimationSpeed2": 0.9200000166893005,
    "Friction": 0.07999999821186066,
    "InitialDashSpeed": 1.899999976158142,
    "StopTurnInitialSpeed": 0.10000000149011612,
    "Unknown0x24": 0.019999999552965164,
    "InitialRunSpeed": 2.200000047683716,
    "RunSpeed": 1.7280000448226929,
    "RunAcceleration": 30.0,
    "Unknown0x34": 3.0,
    "JumpStartUpLag": 3.0,
    "Unknown0x3C": 0.7200000286102295,
    "InitialJumpVerticalSpeed": 3.680000066757202,
    "Unknown0x44": 0.8299999833106995,
    "InitialJumpHorizontalSpeed": 1.7000000476837158,
    "InitialShortHopVerticalSpeed": 2.0999999046325684,
    "AirJumpMultiplier": 1.2000000476837158,
    "Unkown0x54": 0.8999999761581421,
    "NumberOfJumps": 2,
    "Gravity": 0.23000000417232513,
    "TerminalVelocity": 2.799999952316284,
    "AerialSpeed": 0.05999999865889549,
    "AerialFriction": 0.019999999552965164,
    "MaxAerialHorizontalSpeed": 0.8299999833106995,
    "Unknown0x70": 0.019999999552965164,
    "FastFallTerminalVelocity": 3.4000000953674316,
    "TiltTurnForcedVelocity": 3.0,
    "Unknown0x7C": 30.0,
    "Unknown0x80": 0.0,
    "Unknown0x84": 4.0,
    "Weight": 75.0,
    "ModelScale": 0.9599999785423279,
    "ShieldSize": 14.375,
    "ShieldBreakInitialVelocity": 3.299999952316284,
    "Unknown0x98": 5.605193857299268e-45,
    "Unknown0x9C": 16.0,
    "Unknown0xA0": 0.0,
    "Unknown0xA4": 1,
    "LedgeJumpHorizontalVelocity": 1.100000023841858,
    "LedgeJumpVerticalVelocity": 4.0,
    "Unknown0xB0": 1.0,
    "Unknown0xB4": 1.0,
    "Unknown0xB8": 0.20000000298023224,
    "Unknown0xBC": 1.899999976158142,
    "Unknown0xC0": 0.0,
    "Unknown0xC4": 6.0,
    "Unknown0xC8": 0.0,
    "Unknown0xCC": 0.0,
    "Unknown0xD0": 9.0,
    "Unknown0xD4": 0.0,
    "Unknown0xD8": 6.0,
    "NormalLandingLag": 2.0899999141693115,
    "NairLandingLag": 16.0,
    "Unknown0xE4": 4.0,
    "Unknown0xE8": 15.0,
    "FairLandingLag": 22.0,
    "BairLandingLag": 20.0,
    "DairLandingLag": 18.0,
    "UairLandingLag": 18.0,
    "Unknown0xFC": 22.0,
    "Unknown0x100": 0.5,
    "Unknown0x104": 1.399999976158142,
    "Unknown0x108": 3.299999952316284,
    "Unknown0x10C": 0.699999988079071,
    "Unknown0x110": 0.8999999761581421,
    "Unknown0x114": 0.8500000238418579,
    "Unknown0x118": 3.299999952316284,
    "Unknown0x11C": 0.30000001192092896,
    "Unknown0x120": -0.8500000238418579,
    "Unknown0x124": 3.299999952316284,
    "Unknown0x128": 0.30000001192092896,
    "Unknown0x12C": 1.0,
    "Unknown0x130": 0.0,
    "Unknown0x134": 4.199999809265137,
    "Unknown0x138": 0.30000001192092896,
    "Unknown0x13C": 1.0,
    "Unknown0x140": 3.700000047683716,
    "Unknown0x144": 1.2000000476837158,
    "Unknown0x148": 0.5,
    "Unknown0x14C": 7.5,
    "Unknown0x150": -1.5,
    "Unknown0x154": -2.0,
    "Unknown0x158": 2.299999952316284,
    "Unknown0x15C": 1.0,
    "Unknown0x160": 1.0,
    "Unknown0x164": 1.0,
    "Unknown0x168": 1.0,
    "Unknown0x16C": 3.0828566215145976e-44,
    "Unknown0x170": 0.0,
    "Unknown0x174": 0.0,
    "Unknown0x178": 0.0,
    "Unknown0x17C": 0.0,
    "Unknown0x180": 1.5407439555097887e-33
}