{
    "fighter": "SBM_PlayerData",
    "references": [
        {
            "offset": 0,
            "length": 388,
            "floats": [
                0.20000000298023224,
                0.10000000149011612,
                1.600000023841858,
                0.23000000417232513,
                0.5699999928474426,
                0.9200000166893005,
                0.07999999821186066,
                1.899999976158142,
                0.10000000149011612,
                0.019999999552965164,
                2.200000047683716,
                1.7280000448226929,
                30.0,
                3.0,
                3.0,
                0.7200000286102295,
                3.680000066757202,
                0.8299999833106995,
                1.7000000476837158,
                2.0999999046325684,
                1.2000000476837158,
                0.8999999761581421,
                2.802596928649634e-45,
                0.23000000417232513,
                2.799999952316284,
                0.05999999865889549,
                0.019999999552965164,
                0.8299999833106995,
                0.019999999552965164,
                3.4000000953674316
            ],
            "ints": [
                1045220557,
                1036831949,
                1070386381,
                1047233823,
                1058139013,
                1064011039,
                1034147594,
                1072902963,
                1036831949,
                1017370378,
                1074580685,
                1071460123,
                1106247680,
                1077936128,
                1077936128,
                1060655596,
                1080788255,
                1062501089,
                1071225242,
                1074161254,
                1067030938,
                1063675494,
                2,
                1047233823,
                1077097267,
                1031127695,
                1017370378,
                1062501089,
                1017370378,
                1079613850
            ]
        },
        {
            "offset": 4,
            "length": 212,
            "floats": [
                4.0,
                1.0,
                4.0,
                1.0,
                0.0,
                7.0,
                0.0,
                7.567011707354012e-44,
                1.0369608636003646e-43,
                15.0,
                1.5,
                0.05000000074505806,
                0.01666666753590107,
                4.0,
                0.10000000149011612,
                2.0,
                0.07000000029802322,
                5.0,
                0.07999999821186066,
                0.4000000059604645,
                20.0,
                15.0,
                1.25,
                0.019999999552965164,
                0.014999999664723873,
                0.5,
                30.0,
                2.1019476964872256e-44,
                6.0,
                3.799999952316284
            ],
            "ints": [
                1082130432,
                1065353216,
                1082130432,
                1065353216,
                0,
                1088421888,
                0,
                54,
                74,
                1097859072,
                1069547520,
                1028443341,
                1015580809,
                1082130432,
                1036831949,
                1073741824,
                1032805417,
                1084227584,
                1034147594,
                1053609165,
                1101004800,
                1097859072,
                1067450368,
                1017370378,
                1014350479,
                1056964608,
                1106247680,
                15,
                1086324736,
                1081291571
            ]
        },
        {
            "offset": 8,
            "length": 24,
            "floats": [
                1.401298464324817e-45,
                0.0,
                2.802596928649634e-45,
                0.0,
                199.16029357910156,
                6.310887241768095e-30
            ],
            "ints": [
                1,
                0,
                2,
                0,
                1128737033,
                251658240
            ]
        },
        {
            "offset": 12,
            "length": 7848,
            "floats": [
                0.0,
                1.6050136298745017e-39,
                1.072553844594215e-41,
                0.0,
                1.401298464324817e-45,
                0.0,
                0.0,
                9.9548242905635e-41,
                5.5351289340830274e-42,
                0.0,
                1.401298464324817e-45,
                0.0,
                0.0,
                0.0,
                7.114392303377096e-42,
                0.0,
                2.5243551976337916e-29,
                0.0,
                0.0,
                7.129806586484669e-42,
                7.433888353243155e-42,
                0.0,
                2.5243551976337916e-29,
                0.0,
                0.0,
                0.0,
                0.0,
                0.0,
                2.5243551976337916e-29,
                0.0
            ],
            "ints": [
                0,
                1145376,
                7654,
                0,
                1,
                0,
                0,
                71040,
                3950,
                0,
                1,
                0,
                0,
                0,
                5077,
                0,
                268435457,
                0,
                0,
                5088,
                5305,
                0,
                268435457,
                0,
                0,
                0,
                0,
                0,
                268435457,
                0
            ]
        },
        {
            "offset": 16,
            "length": 656,
            "floats": [
                0.0,
                2.407412430484045e-35,
                0.0,
                2.152394441202919e-42,
                2.407853240865603e-35,
                0.0,
                2.152394441202919e-42,
                0.0,
                0.0,
                0.0,
                0.0,
                0.0,
                0.0,
                0.0,
                0.0,
                0.0,
                0.0,
                0.0,
                0.0,
                0.0,
                0.0,
                0.0,
                0.0,
                0.0,
                0.0,
                0.0,
                0.0,
                0.0,
                0.0,
                0.0
            ],
            "ints": [
                0,
                100663296,
                0,
                1536,
                100664832,
                0,
                1536,
                0,
                0,
                0,
                0,
                0,
                0,
                0,
                0,
                0,
                0,
                0,
                0,
                0,
                0,
                0,
                0,
                0,
                0,
                0,
                0,
                0,
                0,
                0
            ]
        },
        {
            "offset": 20,
            "length": 336,